コード,未収ID,得意先名,請求日,入金予定日,未収科目,未収補助,部門,摘要,請求金額,入金済額,残高,ステータス
1,1,A商事,,,未収運賃,,,,50000,,0,完了
2,2,A商事,,,売掛金,,,,70000,,0,完了
3,3,A商事,,,未収金,,,,30000,,10000,部分消込
95,6e188c6472394adaac05ebc956610dfb,大同精密工業　株式会社　　総務課,2026/6/22,2026/7/31,未収運賃,大同精密工業　株式会社　　総務課,,大同精密工業　株式会社　　総務課 繰越未収,71500,0,31500,部分消込
161,161-89b25ac2d0d4493ca743197778b2e6cf,全国ベーチェット協会,2026/6/22,2026/7/31,未収運賃,全国ベーチェット協会,,全国ベーチェット協会 繰越未収,16800,0,16800,未完了
,,,,,,,,,,,,
,,,,,,,,,,,,
95,1570776de8174a3d8b398ed3698f844d,大同精密工業　株式会社　　総務課,2026-06-22,2026-07-31,未収運賃,大同精密工業　株式会社　　総務課,,大同精密工業　株式会社　　総務課 繰越未収,71500,0,71500,未完了
161,8f894bcad7a1459cb73e54b2da7375af,全国ベーチェット協会,2026-06-22,2026-07-31,未収運賃,全国ベーチェット協会,,全国ベーチェット協会 繰越未収,16800,0,16800,未完了
